{
  "project_info": {
    "project_number": "1095319590454",
    "firebase_url": "https://fatos-interresantes-896ee.firebaseio.com",
    "project_id": "fatos-interresantes-896ee",
    "storage_bucket": "fatos-interresantes-896ee.appspot.com"
  },
  "client": [
    {
      "client_info": {
        "mobilesdk_app_id": "1:1095319590454:android:f2400815a1e5d5bc",
        "android_client_info": {
          "package_name": "com.tbsapps.fatosinterresantes"
        }
      },
      "oauth_client": [
        {
          "client_id": "1095319590454-dtl4lkhp44fpp1kbpd62ie9vdfmofcqg.apps.googleusercontent.com",
          "client_type": 1,
          "android_info": {
            "package_name": "com.tbsapps.fatosinterresantes",
            "certificate_hash": "f394a431330406ce901b6fa0b8e4f4da5bab5959"
          }
        },
        {
          "client_id": "1095319590454-gqhc8j2mrlv6bc8d4eomf4k518prpl9j.apps.googleusercontent.com",
          "client_type": 3
        },
        {
          "client_id": "1095319590454-gqhc8j2mrlv6bc8d4eomf4k518prpl9j.apps.googleusercontent.com",
          "client_type": 3
        }
      ],
      "api_key": [
        {
          "current_key": "AIzaSyCJccXdz1UHML35REpOTESwQyoX5K4zA6M"
        }
      ],
      "services": {
        "analytics_service": {
          "status": 1
        },
        "appinvite_service": {
          "status": 2,
          "other_platform_oauth_client": [
            {
              "client_id": "1095319590454-gqhc8j2mrlv6bc8d4eomf4k518prpl9j.apps.googleusercontent.com",
              "client_type": 3
            }
          ]
        },
        "ads_service": {
          "status": 2
        }
      }
    },
    {
      "client_info": {
        "mobilesdk_app_id": "1:1095319590454:android:2519ac3ab9508d69",
        "android_client_info": {
          "package_name": "tk.taynam.fatosinterresantes"
        }
      },
      "oauth_client": [
        {
          "client_id": "1095319590454-gqhc8j2mrlv6bc8d4eomf4k518prpl9j.apps.googleusercontent.com",
          "client_type": 3
        },
        {
          "client_id": "1095319590454-gqhc8j2mrlv6bc8d4eomf4k518prpl9j.apps.googleusercontent.com",
          "client_type": 3
        }
      ],
      "api_key": [
        {
          "current_key": "AIzaSyCJccXdz1UHML35REpOTESwQyoX5K4zA6M"
        }
      ],
      "services": {
        "analytics_service": {
          "status": 1
        },
        "appinvite_service": {
          "status": 1,
          "other_platform_oauth_client": []
        },
        "ads_service": {
          "status": 2
        }
      }
    }
  ],
  "configuration_version": "1"
}